"id","city","color","date_created","drive_type","engine","images","make","mileage","model","mpg_city","mpg_hwy","prev_owners","price","state","status","style","transmission","vin","year"
"251","Brentwood","Yellow","2022-10-07","RWD","V8 4.2L","{""model_imgs_key"":{""S"":""dodge challenger r t""}}","Dodge","101935","Challenger R T","13","21","3","44110.7","TN","0","""muscle car,coupe""","Automatic","K7B8WP4EJAXCWI4L5","1971"
"187","Miami","White","2021-04-03","RWD","V6 4.2L","{""model_imgs_key"":{""S"":""mercedes-benz 180d sedan""}}","Mercedes-Benz","99406","180D Sedan","15","29","3","27206.46","FL","1","""sedan,luxury""","Automatic","IKDW2VCWN4SZ4WCO6","1957"
"154","New York","White","2021-09-27","RWD","Flat-4 1.6L","{""model_imgs_key"":{""S"":""jeep willys station wagon""}}","Jeep","17446","Willys Station Wagon","16","20","2","41964.9","NY","1","station wagon","Automatic","RPV5TUWCSMBG27RC4","1963"
"7","Smyrna","Brown","2024-11-06","FWD","Inline-6 3.5L","{""model_imgs_key"":{""S"":""jaguar xke 2 2 coupe""}}","Jaguar","142519","Xke 2 2 Coupe","20","23","1","25465.93","TN","1","""luxury,coupe""","Manual","01G2VWKW53TFU0OQ3","1969"
"115","Tampa","White","2025-02-08","RWD","Flat-6 3.0L","{""model_imgs_key"":{""S"":""oldsmobile cutlass salon hardtop""}}","Oldsmobile","76578","Cutlass Salon Hardtop","8","26","3","35938.25","FL","1","""coupe,luxury""","Manual","DO9N9LHFZK7S6AARC","1986"
"512","Mobile","Gray","2024-01-24","FWD","V8 4.6L","{""model_imgs_key"":{""S"":""cadillac series 61 coupe""}}","Cadillac","53063","Series 61 Coupe","15","23","1","23837.16","AL","1","""luxury,coupe""","Manual","6QHGM07BKT9QAUE66","1950"
"286","Knoxville","Beige","2022-08-10","FWD","V8 5.5L","{""model_imgs_key"":{""S"":""chevrolet corvair monza coupe""}}","Chevrolet","13365","Corvair Monza Coupe","12","13","1","18196.51","TN","0","coupe","Manual","VXM7QZDCC379JN0YB","1968"
"361","Little Rock","Blue","2022-07-17","FWD","V8 7.0L","{""model_imgs_key"":{""S"":""chevrolet camaro type lt z28""}}","Chevrolet","85352","Camaro Type Lt Z28","14","15","1","33243.24","AR","1","""muscle car,coupe""","Manual","EJG90DF7JL9YNS35N","1974"
"380","Alpharetta","Red","2022-06-11","AWD","Flat-4 1.3L","{""model_imgs_key"":{""S"":""mercedes-benz 560sl roadster""}}","Mercedes-Benz","133283","560Sl Roadster","17","20","3","26291.49","GA","0","""convertible,luxury""","Manual","95NC8H5VWBISDVGB4","1987"
"678","Decatur","Red","2023-10-23","AWD","Flat-4 2.0L","{""model_imgs_key"":{""S"":""lincoln model 117 brunn sedan""}}","Lincoln","65648","Model 117 Brunn Sedan","8","23","2","12315.82","GA","1","""luxury,sedan""","Manual","6ZPG9A48TANMU8WU3","1922"
"526","Macon","Brown","2021-04-16","RWD","V8 4.2L","{""model_imgs_key"":{""S"":""lincoln mark v convertible""}}","Lincoln","91679","Mark V Convertible","16","28","1","47430.84","GA","1","""convertible,luxury""","Automatic","J6JZ11QUICYMJXDZV","1960"
"117","Tampa","Beige","2024-12-13","RWD","Inline-4 1.9L","{""model_imgs_key"":{""S"":""toyota classic sedan""}}","Toyota","103061","Classic Sedan","15","18","2","25928.62","FL","1","sedan","Automatic","FB306SYGQ5GG9RBG1","1996"
"401","Summerville","Black","2024-11-18","RWD","V6 3.0L","{""model_imgs_key"":{""S"":""chevrolet 210 2 door sedan""}}","Chevrolet","110183","210 2 Door Sedan","13","22","2","30964","SC","1","sedan","Automatic","0LMJ0VH9LGJOSVH4U","1957"
"554","Seattle","Black","2022-12-25","AWD","V8 3.5L","{""model_imgs_key"":{""S"":""dodge pickup""}}","Dodge","40617","Pickup","18","20","3","34720.85","WA","1","pickup","Manual","4DJ7PNWT8XWKR81GO","1950"
"47","Summerville","Brown","2022-02-21","AWD","V8 5.5L","{""model_imgs_key"":{""S"":""porsche 914""}}","Porsche","57424","914","16","30","2","12319.26","SC","1","coupe","Automatic","Q6B12UNNTEGO6EJYK","1974"
"184","Augusta","Red","2025-03-04","FWD","V6 4.2L","{""model_imgs_key"":{""S"":""mercedes-benz 180d sedan""}}","Mercedes-Benz","15900","180D Sedan","14","29","2","32442.81","GA","1","""sedan,luxury""","Automatic","4O258J79DQX16DX4X","1957"
"403","Durham","Yellow","2023-05-24","FWD","V8 3.5L","{""model_imgs_key"":{""S"":""porsche 924 turbo""}}","Porsche","102612","924 Turbo","20","21","3","3000","NC","1","coupe","Automatic","LB3F7FGPZICB28UKU","1980"
"304","Cary","White","2022-01-11","FWD","V8 4.0L","{""model_imgs_key"":{""S"":""ford mustang gt hardtop""}}","Ford","85884","Mustang Gt Hardtop","11","15","2","43950.59","NC","1","""muscle car,coupe""","Automatic","DIBQJL8A0ROI910ZV","1966"
"590","Lexington","White","2022-05-18","RWD","Flat-6 2.7L","{""model_imgs_key"":{""S"":""ford thunderbird landau hardtop""}}","Ford","25861","Thunderbird Landau Hardtop","21","23","3","42406.74","KY","1","""luxury,coupe""","Manual","UCU3NCVRS1H0QOOPG","1967"
"156","Houston","Beige","2021-04-24","AWD","V8 4.0L","{""model_imgs_key"":{""S"":""chevrolet monza station wagon""}}","Chevrolet","19205","Monza Station Wagon","9","24","3","31103.42","TX","1","station wagon","Automatic","AP06BU59BT3WDG1HD","1978"
"122","Mechanicsburg","Yellow","2024-07-19","AWD","Inline-4 2.2L","{""model_imgs_key"":{""S"":""dodge rampage""}}","Dodge","60315","Rampage","16","19","1","33822.27","PA","1","pickup","Manual","ZKPOG6KWVNKGPWMFX","1984"
"273","Huntsville","Brown","2025-03-17","AWD","Flat-4 1.6L","{""model_imgs_key"":{""S"":""mazda miata mx 5""}}","Mazda","123111","Miata Mx 5","13","29","3","25961.94","AL","1","convertible","Automatic","JLRYN6RTJNEPWXVRC","1992"
"513","Savannah","Blue","2024-03-30","FWD","V6 4.2L","{""model_imgs_key"":{""S"":""mercedes-benz 190sl roadster""}}","Mercedes-Benz","55354","190Sl Roadster","15","22","1","39889.13","GA","1","""convertible,luxury""","Manual","8XCF8NN4U4B27M8T1","1960"
"333","Goldsboro","Black","2024-12-15","FWD","Flat-4 2.0L","{""model_imgs_key"":{""S"":""lincoln model 117 brunn sedan""}}","Lincoln","22347","Model 117 Brunn Sedan","14","18","3","17677.36","NC","1","""luxury,sedan""","Manual","LX0OO8LCRH4UMNCWF","1922"
"145","Portland","Black","2023-09-02","FWD","Inline-4 1.9L","{""model_imgs_key"":{""S"":""toyota classic sedan""}}","Toyota","133222","Classic Sedan","15","21","1","25068.78","OR","1","sedan","Automatic","H5SH3LPURXATG6PU6","1996"
"195","Brentwood","Yellow","2023-07-22","RWD","V8 4.0L","{""model_imgs_key"":{""S"":""ford mustang gt hardtop""}}","Ford","77217","Mustang Gt Hardtop","13","29","3","14326.5","TN","1","""muscle car,coupe""","Automatic","WJ0KFXPMPHAG5U03G","1966"
"501","Mount Pleasant","Black","2022-06-19","AWD","Flat-4 1.2L","{""model_imgs_key"":{""S"":""volkswagen camper""}}","Volkswagen","119137","Camper","20","27","1","39448.98","SC","1","van","Manual","CFZXIX7OS60ORARMT","1975"
"359","Asheville","Gray","2022-09-29","AWD","V8 5.5L","{""model_imgs_key"":{""S"":""porsche 914""}}","Porsche","78258","914","14","18","3","32983.49","NC","1","coupe","Manual","CKIRAXFK4994ZH036","1974"
"668","Bozeman","White","2021-08-10","RWD","Rotary 1.1L","{""model_imgs_key"":{""S"":""oldsmobile super 88 convertible""}}","Oldsmobile","54508","Super 88 Convertible","8","18","3","42866.86","MT","1","convertible","Automatic","Z54RK1YH5GYJXBH7T","1957"
"583","Gastonia","Blue","2021-11-27","RWD","Inline-6 3.5L","{""model_imgs_key"":{""S"":""volkswagen karmann ghia coupe""}}","Volkswagen","80639","Karmann Ghia Coupe","19","20","2","39127.86","NC","1","coupe","Manual","7GPLAKRJO7TOHDKPU","1964"
"395","Charleston","White","2021-07-11","AWD","V8 5.5L","{""model_imgs_key"":{""S"":""porsche 914""}}","Porsche","107834","914","17","18","2","36113.97","SC","1","coupe","Manual","4I7XLY3MDG4S09TTG","1974"
"256","New Orleans","Yellow","2025-01-09","AWD","V8 5.7L","{""model_imgs_key"":{""S"":""buick super 50 series riviera 4 door sedan""}}","Buick","144395","Super 50 Series Riviera 4 Door Sedan","9","26","1","3159.01","LA","1","""luxury,sedan""","Automatic","J9ZUZYLQKW63WDOAQ","1953"
"130","Florence","Yellow","2021-07-15","FWD","V8 3.5L","{""model_imgs_key"":{""S"":""nissan 300zx""}}","Nissan","45950","300Zx","18","28","1","19909.06","SC","1","coupe","Manual","DL2XE5BRZGGPIJKH6","1994"
"386","Opelika","White","2021-08-23","RWD","V8 4.2L","{""model_imgs_key"":{""S"":""lincoln mark v convertible""}}","Lincoln","125381","Mark V Convertible","9","18","2","26458.74","AL","1","""convertible,luxury""","Automatic","IZR27SNGQW09CZU96","1960"
"573","New Bern","Brown","2023-05-07","RWD","Flat-4 1.6L","{""model_imgs_key"":{""S"":""volkswagen beetle""}}","Volkswagen","149129","Beetle","20","30","3","25282.3","NC","1","""coupe,sedan""","Automatic","98BXMA592SP9TXL1M","1967"
"369","Fayetteville","Red","2023-05-01","RWD","V12 5.3L","{""model_imgs_key"":{""S"":""cadillac series 62 coupe""}}","Cadillac","43146","Series 62 Coupe","9","29","3","42154.98","NC","1","""luxury,coupe""","Manual","APWV3FZ74K21SJ41K","1948"
"555","Raleigh","Yellow","2025-03-30","RWD","V8 3.5L","{""model_imgs_key"":{""S"":""toyota pickup""}}","Toyota","40985","Pickup","14","19","1","42294.15","NC","1","pickup","Automatic","7IGK6HL3E2B0HKBB8","1982"
"533","Miami","Black","2024-11-04","FWD","V8 5.5L","{""model_imgs_key"":{""S"":""porsche 914""}}","Porsche","130499","914","8","30","1","18413.7","FL","1","coupe","Automatic","VKG0DFYH0DM9UY0VA","1974"
"79","Pensacola","Black","2024-08-11","AWD","V8 4.0L","{""model_imgs_key"":{""S"":""chevrolet monza station wagon""}}","Chevrolet","92474","Monza Station Wagon","20","21","1","13663.81","FL","1","station wagon","Manual","NWF0FY8LA31EC54IT","1978"
"172","Kenner","White","2024-05-26","RWD","V6 4.0L","{""model_imgs_key"":{""S"":""mercedes-benz 280se sedan""}}","Mercedes-Benz","133446","280Se Sedan","14","25","1","8391.37","LA","1","""sedan,luxury""","Manual","D6ZTAWN8GCHB3ZQFP","1970"
"379","Miami","Gray","2022-12-05","RWD","Inline-4 2.2L","{""model_imgs_key"":{""S"":""pontiac streamliner 8 silver streak woody wagon""}}","Pontiac","128246","Streamliner 8 Silver Streak Woody Wagon","14","15","1","59506.64","FL","1","station wagon","Manual","NEG67E4PTKA7TPS6L","1948"
"440","Asheville","Yellow","2022-10-01","AWD","V6 4.2L","{""model_imgs_key"":{""S"":""mercedes-benz 190sl roadster""}}","Mercedes-Benz","93073","190Sl Roadster","9","23","2","34255.23","NC","1","""convertible,luxury""","Automatic","9X9I5L4B0QQODPO29","1960"
"69","Philadelphia","Blue","2022-03-13","FWD","Flat-4 1.3L","{""model_imgs_key"":{""S"":""lincoln zephyr coupe""}}","Lincoln","149819","Zephyr Coupe","17","22","2","26781.56","PA","1","""luxury,coupe""","Manual","4UZCSE0HYJ07O33LT","1938"
"471","Portland","Gray","2023-09-15","FWD","Inline-6 2.8L","{""model_imgs_key"":{""S"":""pontiac firebird convertible""}}","Pontiac","7614","Firebird Convertible","13","20","2","7218.34","OR","1","""convertible,muscle car""","Automatic","2469EK2C2CKAHGSWG","1967"
"517","Richmond","White","2023-08-16","RWD","Inline-4 1.6L","{""model_imgs_key"":{""S"":""pontiac firebird trans am tribute""}}","Pontiac","106066","Firebird Trans Am Tribute","12","15","1","36840.42","VA","1","muscle car","Automatic","W0RIJYXA26VFFG32M","1982"
"314","Greenville","Green","2021-09-11","AWD","V6 2.5L","{""model_imgs_key"":{""S"":""dodge dart 270 2 door hardtop""}}","Dodge","25232","Dart 270 2 Door Hardtop","12","27","2","29589.19","SC","1","""sedan,coupe""","Manual","MVO06FT1ZU6GI4A8I","1964"
"410","Greensboro","Blue","2021-06-30","AWD","V8 7.0L","{""model_imgs_key"":{""S"":""oldsmobile 442 convertible""}}","Oldsmobile","52319","442 Convertible","22","27","2","34362.68","NC","1","""convertible,muscle car""","Automatic","HQZYH2EGKM37PLV7T","1967"
"654","Peachtree City","Yellow","2024-09-14","FWD","Flat-4 2.0L","{""model_imgs_key"":{""S"":""dodge d150 lil red express pickup""}}","Dodge","55887","D150 Lil Red Express Pickup","15","28","3","17994.12","GA","1","pickup","Automatic","XQUXRZ63UECAZCA18","1979"
"110","Houston","Brown","2024-07-15","FWD","V8 5.3L","{""model_imgs_key"":{""S"":""volkswagen type 2 kombi bus""}}","Volkswagen","52844","Type 2 Kombi Bus","13","22","2","38769.07","TX","1","van","Manual","MG0ZBV6Y9EMF9WLBW","1978"
"8","Nashville","Blue","2022-09-02","FWD","Flat-4 2.0L","{""model_imgs_key"":{""S"":""buick 116 sport coupe""}}","Buick","42768","116 Sport Coupe","14","15","3","29665.61","TN","1","coupe","Automatic","YR4BVGFRCCWRBL2QT","1928"
"288","Madison","Red","2023-02-02","FWD","Flat-4 2.0L","{""model_imgs_key"":{""S"":""dodge d150 lil red express pickup""}}","Dodge","95122","D150 Lil Red Express Pickup","10","24","2","17739.36","AL","1","pickup","Manual","XITGUTWQU6K6BKH0M","1979"
"373","Concord","Green","2024-10-15","FWD","V8 5.5L","{""model_imgs_key"":{""S"":""porsche 914""}}","Porsche","60424","914","16","17","2","51552.09","NC","1","coupe","Automatic","RNLNYIWDWZYDE1CDU","1974"
"461","Cary","Gray","2024-12-18","AWD","Flat-6 3.6L","{""model_imgs_key"":{""S"":""ford mustang mach 1""}}","Ford","104117","Mustang Mach 1","19","23","2","38500.89","NC","1","""muscle car,coupe""","Automatic","2J159GZXO4RB85BPA","1972"
"229","Dallas","White","2024-07-20","RWD","V8 4.2L","{""model_imgs_key"":{""S"":""lincoln mark v convertible""}}","Lincoln","145772","Mark V Convertible","13","18","2","34793.25","TX","1","""convertible,luxury""","Automatic","7PE45XKM2R3QTYSZ2","1960"
"467","Newark","Beige","2023-06-05","FWD","Flat-6 3.6L","{""model_imgs_key"":{""S"":""dodge polara 500 hardtop""}}","Dodge","85780","Polara 500 Hardtop","20","25","2","31113.04","NJ","1","""coupe,sedan""","Manual","QDKMQTRPOLREIHBCB","1962"
"62","Marietta","Gray","2022-04-19","FWD","V6 4.0L","{""model_imgs_key"":{""S"":""lincoln continental town coupe""}}","Lincoln","74882","Continental Town Coupe","9","19","3","32174.31","GA","1","""luxury,coupe""","Automatic","276ZIOERCBT0XLRZG","1976"
"226","Toledo","Gray","2024-07-16","AWD","V8 4.6L","{""model_imgs_key"":{""S"":""oldsmobile l32 4 door sedan""}}","Oldsmobile","52043","L32 4 Door Sedan","10","17","3","9595.82","OH","1","sedan","Manual","YQEZ1CGJX5GFUKG42","1932"
"197","Birmingham","Black","2024-06-20","FWD","V8 7.0L","{""model_imgs_key"":{""S"":""chevrolet camaro type lt z28""}}","Chevrolet","81302","Camaro Type Lt Z28","19","25","1","27865.76","AL","1","""muscle car,coupe""","Automatic","Z90FR2D83XGGCIXQI","1974"
"244","Martinsburg","Beige","2024-03-09","AWD","V8 7.0L","{""model_imgs_key"":{""S"":""dodge meadowbrook 4 door sedan""}}","Dodge","91880","Meadowbrook 4 Door Sedan","21","22","1","28543.06","WV","1","sedan","Automatic","GC22C391B440GYNHZ","1951"
"230","Cleveland","Beige","2022-10-01","FWD","Flat-6 3.6L","{""model_imgs_key"":{""S"":""ford mustang mach 1""}}","Ford","51481","Mustang Mach 1","21","22","3","51859.43","OH","1","""muscle car,coupe""","Automatic","YOM1K8D3T3K6BJLZC","1972"
"476","Little Rock","Green","2023-12-10","RWD","V8 5.7L","{""model_imgs_key"":{""S"":""toyota tacoma trd 4x4 xtracab""}}","Toyota","25317","Tacoma Trd 4X4 Xtracab","9","13","2","54086.1","AR","1","""SUV / 4x4,pickup""","Manual","6E2T80QD7V90RXTFT","2003"
"697","Concord","Yellow","2021-12-08","FWD","Inline-4 2.2L","{""model_imgs_key"":{""S"":""chevrolet sedan delivery""}}","Chevrolet","27238","Sedan Delivery","14","21","1","35370.92","NC","1","van","Manual","IDBXMLE56J1NT24KE","1951"
"54","Greenville","White","2021-09-15","FWD","Inline-6 3.5L","{""model_imgs_key"":{""S"":""cadillac coupe deville""}}","Cadillac","40865","Coupe Deville","17","22","2","22998.85","SC","1","""luxury,coupe""","Manual","WE4LPWNMK00GRDWFJ","1970"
"730","Miami","SaddleBrown","2025-01-08","FWD","I4","{""model_imgs_key"":{""S"":""chevrolet ck""}}","Chevrolet","186557","CK","12","27","3","27670","FL","1","pickup","Manual","sHT52119XSMx81247","1986"
"343","Smyrna","Yellow","2023-10-06","FWD","Rotary 1.1L","{""model_imgs_key"":{""S"":""willys jeepster""}}","Willys","98098","Jeepster","12","16","2","20387.5","TN","1","SUV / 4x4","Manual","9Y7L99AN1VB310J3Q","1948"
"442","Watertown","Beige","2021-06-21","FWD","Inline-6 3.5L","{""model_imgs_key"":{""S"":""jaguar xke 2 2 coupe""}}","Jaguar","33375","Xke 2 2 Coupe","20","24","2","27432.75","NY","1","""luxury,coupe""","Manual","B51LJ09UY60CXDLSN","1969"
"287","Smyrna","Yellow","2025-02-06","AWD","V8 6.0L","{""model_imgs_key"":{""S"":""volkswagen porsche 959 tribute roadster""}}","Volkswagen","113422","Porsche 959 Tribute Roadster","13","21","3","31808.5","TN","1","convertible","Automatic","FTD45Y3QUUOF62VOK","1969"
"593","Roanoke","Brown","2021-04-23","FWD","Inline-4 2.2L","{""model_imgs_key"":{""S"":""chevrolet sedan delivery""}}","Chevrolet","116099","Sedan Delivery","20","27","3","18437.97","VA","1","van","Manual","XPUNYPQZNZ9ZDOWWX","1951"
"468","San Francisco","Black","2022-06-20","AWD","V8 4.6L","{""model_imgs_key"":{""S"":""cadillac series 61 coupe""}}","Cadillac","82882","Series 61 Coupe","17","26","2","18310.74","CA","1","""luxury,coupe""","Automatic","CRUSKIP8BUS2T5N4Q","1950"
"241","Durham","White","2023-02-20","AWD","Flat-4 1.3L","{""model_imgs_key"":{""S"":""pontiac gto hardtop""}}","Pontiac","112081","Gto Hardtop","11","20","1","18983.68","NC","1","muscle car","Manual","A3XLO6QX1IM1A8CM5","1970"
"339","New York","Beige","2022-03-19","FWD","Inline-4 2.2L","{""model_imgs_key"":{""S"":""chevrolet sedan delivery""}}","Chevrolet","132936","Sedan Delivery","20","25","3","27538.5","NY","1","van","Manual","JEO6RD1ZHT9EN3R0T","1951"
"527","Haines City","Black","2023-01-10","AWD","V6 4.2L","{""model_imgs_key"":{""S"":""mercedes-benz 190sl roadster""}}","Mercedes-Benz","15316","190Sl Roadster","11","23","1","24067.69","FL","1","""convertible,luxury""","Automatic","GYUVNYQA7S7EWV9UI","1960"
"329","Bayonne","Blue","2021-04-25","RWD","V8 4.0L","{""model_imgs_key"":{""S"":""pontiac firebird formula""}}","Pontiac","140608","Firebird Formula","8","17","3","42919.52","NJ","1","muscle car","Manual","6MRFBPWSZDV6E5ZCY","1973"
"345","Indianapolis","Blue","2022-04-03","FWD","V8 6.2L","{""model_imgs_key"":{""S"":""toyota supra coupe""}}","Toyota","97791","Supra Coupe","10","23","1","17657.91","IN","1","coupe","Manual","2ZM0RYGMBOEGKZW2T","1990"
"296","Austin","Beige","2023-02-13","AWD","Rotary 1.3L","{""model_imgs_key"":{""S"":""ford f150 xlt lariat pickup""}}","Ford","119492","F150 Xlt Lariat Pickup","17","25","2","3607.04","TX","1","pickup","Automatic","LIL8V6TBVUTNJV1SH","1986"
"611","Hanover","Red","2024-06-29","AWD","V8 4.5L","{""model_imgs_key"":{""S"":""buick electra 2 door hardtop""}}","Buick","132970","Electra 2 Door Hardtop","16","21","3","14535.16","PA","1","""luxury,coupe""","Manual","DXY60QR7U04IAX2VJ","1960"
"75","Southaven","Red","2022-10-12","RWD","V8 5.5L","{""model_imgs_key"":{""S"":""porsche 914""}}","Porsche","135178","914","14","29","2","39137.42","MS","1","coupe","Manual","FKRMRTP1BH6DSSCO1","1974"
"578","Asheville","Yellow","2023-07-07","AWD","V8 5.3L","{""model_imgs_key"":{""S"":""toyota corolla sedan""}}","Toyota","125130","Corolla Sedan","10","20","1","25764.04","NC","1","sedan","Manual","G1XBTXVE2X5L84JCJ","1978"
"254","Tampa","Green","2023-05-21","AWD","V6 3.8L","{""model_imgs_key"":{""S"":""lincoln lido hardtop""}}","Lincoln","42119","Lido Hardtop","12","24","2","52321.21","FL","1","""luxury,coupe""","Automatic","573SKDITXNEKE086L","1951"
"163","Vestavia Hills","Green","2023-01-04","RWD","V8 4.0L","{""model_imgs_key"":{""S"":""cadillac series 63 touring sedan""}}","Cadillac","25675","Series 63 Touring Sedan","16","25","1","22515.62","AL","1","""luxury,sedan""","Automatic","VMEYJHIY8AW89WN2H","1941"
"89","Montgomery","Yellow","2023-02-03","AWD","V6 2.5L","{""model_imgs_key"":{""S"":""dodge series vc g502 power wagon pickup""}}","Dodge","108201","Series Vc G502 Power Wagon Pickup","22","22","2","33557.34","AL","1","""pickup,SUV / 4x4""","Manual","XHHVHBFZVWUVDR8U7","1940"
"518","North Charleston","Red","2024-09-20","RWD","V6 3.8L","{""model_imgs_key"":{""S"":""ford bronco eddie bauer""}}","Ford","45809","Bronco Eddie Bauer","8","29","3","13750.39","SC","1","SUV / 4x4","Automatic","DHNM2S5JTATN1PB9Z","1996"
"587","Concord","White","2024-09-25","FWD","Inline-4 1.6L","{""model_imgs_key"":{""S"":""mercedes-benz 300d sedan""}}","Mercedes-Benz","131773","300D Sedan","19","29","1","45835.09","NC","1","""sedan,luxury""","Automatic","7B40DRNVKZWLMMPYD","1975"
"32","Atlanta","White","2021-05-07","AWD","V8 4.0L","{""model_imgs_key"":{""S"":""ford mustang gt hardtop""}}","Ford","14748","Mustang Gt Hardtop","14","17","2","35935.91","GA","1","""muscle car,coupe""","Automatic","2UMH4AN8Z5H36JOL7","1966"
"131","Roswell","Green","2021-05-27","FWD","V6 4.0L","{""model_imgs_key"":{""S"":""lincoln continental town coupe""}}","Lincoln","125846","Continental Town Coupe","19","26","2","38877.71","GA","1","""luxury,coupe""","Manual","WIRFUPYTPA6X2CNN9","1976"
"696","Hoover","White","2022-05-27","FWD","V8 4.0L","{""model_imgs_key"":{""S"":""pontiac firebird formula""}}","Pontiac","103394","Firebird Formula","9","16","3","36028.62","AL","1","muscle car","Automatic","F1DSN7GBLS3123PXW","1973"
"435","Vestavia Hills","Red","2022-10-03","AWD","Flat-4 1.2L","{""model_imgs_key"":{""S"":""volkswagen camper""}}","Volkswagen","15878","Camper","19","26","1","30318.42","AL","1","van","Manual","MUAXQ696RDKM7UCZG","1975"
"300","Little Rock","Green","2022-01-01","AWD","Flat-4 1.6L","{""model_imgs_key"":{""S"":""jeep willys station wagon""}}","Jeep","18088","Willys Station Wagon","20","22","3","3000","AR","1","station wagon","Manual","C0HS61WWU6IM4XXZE","1963"
"342","Bessemer","Red","2022-05-04","RWD","Flat-6 2.2L","{""model_imgs_key"":{""S"":""bmw m3 4 door sedan""}}","BMW","149223","M3 4 Door Sedan","14","19","2","11329.37","AL","0","""sedan,muscle car""","Manual","0AHPJIXNLL85JHEEO","1997"
"238","Bayonne","Yellow","2022-08-08","AWD","Flat-6 2.2L","{""model_imgs_key"":{""S"":""buick electra 225 limited 2 door hardtop""}}","Buick","84985","Electra 225 Limited 2 Door Hardtop","15","16","3","9969.38","NJ","1","""luxury,coupe""","Manual","52WGE4YD2DZBT9RFI","1975"
"341","Denver","Beige","2023-09-05","AWD","V6 4.0L","{""model_imgs_key"":{""S"":""lincoln continental town coupe""}}","Lincoln","112287","Continental Town Coupe","18","23","2","29914.46","CO","1","""luxury,coupe""","Manual","JX81K83SXS92OV5AD","1976"
"734","Indianapolis","LightCyan","2024-01-14","FWD","Flat-6","{""model_imgs_key"":{""S"":""ferrari 308""}}","Ferrari","139907","308","18","28","1","34449","IN","1","""coupe,luxury""","Automatic","Ogv04171vqjC13530","1993"
"185","Fayetteville","Yellow","2024-04-16","AWD","V6 4.2L","{""model_imgs_key"":{""S"":""mercedes-benz 190sl roadster""}}","Mercedes-Benz","17530","190Sl Roadster","13","19","3","45299.55","NC","0","""convertible,luxury""","Manual","HXVHXLNIYH9F9HT5K","1960"
"264","Portland","Beige","2023-04-30","FWD","Flat-6 2.0L","{""model_imgs_key"":{""S"":""cadillac fleetwood brougham d elegance""}}","Cadillac","128765","Fleetwood Brougham D Elegance","15","21","1","31791.23","OR","0","""luxury,sedan""","Manual","QFQULYXCTUDAV9LJ6","1984"
"582","Concord","Brown","2022-05-05","AWD","V8 4.5L","{""model_imgs_key"":{""S"":""nissan 280zx""}}","Nissan","48259","280Zx","8","12","3","30677.96","NC","1","coupe","Automatic","LLCCXJHBNG8JIG8RB","1981"
"607","Montgomery","Green","2024-12-06","RWD","V8 5.3L","{""model_imgs_key"":{""S"":""toyota corolla sedan""}}","Toyota","139252","Corolla Sedan","17","26","1","3000","AL","1","sedan","Manual","IJ7KXS6RK87SYHOAO","1978"
"387","Wilmington","Brown","2021-04-26","AWD","Flat-6 2.2L","{""model_imgs_key"":{""S"":""bmw m3 4 door sedan""}}","BMW","45811","M3 4 Door Sedan","17","19","2","37002.99","NC","1","""sedan,muscle car""","Manual","J1BUSY9DOSHVU0BFM","1997"
"220","Opelika","Beige","2024-04-15","RWD","Inline-4 2.5L","{""model_imgs_key"":{""S"":""dodge vc series 1 2 ton panel truck""}}","Dodge","95714","Vc Series 1 2 Ton Panel Truck","21","30","3","25859.98","AL","1","pickup","Automatic","AD8RX75CRB63GC4I1","1940"
"322","Florence","Beige","2022-06-28","RWD","V8 3.5L","{""model_imgs_key"":{""S"":""nissan 300zx""}}","Nissan","7872","300Zx","15","28","2","19497.21","SC","1","coupe","Automatic","EWAJ3B4W4X8DVUE9D","1994"
"496","Summerville","Gray","2022-09-15","AWD","Rotary 1.2L","{""model_imgs_key"":{""S"":""pontiac catalina hardtop""}}","Pontiac","133396","Catalina Hardtop","11","17","1","13464.04","SC","1","""coupe,luxury""","Automatic","XWCWM8UHAPCAX6DTC","1959"
"260","Wilmington","Red","2022-05-27","FWD","Flat-6 2.7L","{""model_imgs_key"":{""S"":""ford thunderbird landau hardtop""}}","Ford","6462","Thunderbird Landau Hardtop","21","22","1","51747.69","NC","1","""luxury,coupe""","Manual","2UZLYBUYGBU5UW7OU","1967"
"351","Opelika","Red","2024-03-20","FWD","V8 4.6L","{""model_imgs_key"":{""S"":""oldsmobile l32 4 door sedan""}}","Oldsmobile","126382","L32 4 Door Sedan","20","27","3","25964.58","AL","1","sedan","Automatic","DKRA90RZ6M8TBK2RG","1932"
"584","Martinsburg","Yellow","2022-09-05","RWD","V8 5.3L","{""model_imgs_key"":{""S"":""pontiac executive hardtop""}}","Pontiac","90317","Executive Hardtop","19","29","2","18154.96","WV","1","""coupe,luxury""","Manual","RN0VIPY0S7G7EPDV9","1968"
"535","New York","Brown","2022-05-31","RWD","Flat-6 3.6L","{""model_imgs_key"":{""S"":""ford mustang mach 1""}}","Ford","47756","Mustang Mach 1","20","20","2","58144.78","NY","1","""muscle car,coupe""","Manual","A3P941C2E6ZXNH7I9","1972"
"302","Macon","Green","2025-03-22","FWD","Rotary 1.1L","{""model_imgs_key"":{""S"":""oldsmobile super 88 convertible""}}","Oldsmobile","15331","Super 88 Convertible","13","21","2","15961.32","GA","1","convertible","Manual","UTHY977BW72K2H9OY","1957"
"278","Charlotte","White","2023-11-26","RWD","V6 4.0L","{""model_imgs_key"":{""S"":""mercedes-benz 280se sedan""}}","Mercedes-Benz","12354","280Se Sedan","9","23","3","26369.32","NC","1","""sedan,luxury""","Manual","5E5QOU8LJER7OMJZU","1970"
"520","Statesboro","Black","2024-04-26","AWD","V8 5.5L","{""model_imgs_key"":{""S"":""porsche 914""}}","Porsche","75150","914","14","20","3","17120.26","GA","1","coupe","Automatic","7MWBFQ79H7HWE7BN6","1974"
"315","San Francisco","Red","2023-11-23","AWD","V8 4.6L","{""model_imgs_key"":{""S"":""cadillac series 61 coupe""}}","Cadillac","64573","Series 61 Coupe","13","18","1","21766.96","CA","1","""luxury,coupe""","Automatic","02GW1G4AGKSJF5X1V","1950"
"113","Louisville","Beige","2021-11-30","FWD","Inline-6 3.2L","{""model_imgs_key"":{""S"":""lincoln continental mark iii 2 door hardtop""}}","Lincoln","103084","Continental Mark Iii 2 Door Hardtop","17","21","3","5271.97","KY","1","""luxury,coupe""","Automatic","771ANYZXTZ81S01UI","1970"
"676","New York","White","2021-10-29","AWD","Flat-6 2.2L","{""model_imgs_key"":{""S"":""bmw m3 4 door sedan""}}","BMW","99111","M3 4 Door Sedan","21","28","1","36053.51","NY","1","""sedan,muscle car""","Automatic","9BA75NSS306SOLBGX","1997"
"118","Nashville","Brown","2024-12-20","RWD","Flat-6 3.6L","{""model_imgs_key"":{""S"":""dodge polara 500 hardtop""}}","Dodge","30184","Polara 500 Hardtop","10","15","2","32011.31","TN","1","""coupe,sedan""","Manual","JR8235WYP5Q4P9AGP","1962"
"603","Nashville","Green","2022-07-02","AWD","V8 4.2L","{""model_imgs_key"":{""S"":""lincoln mark v convertible""}}","Lincoln","35878","Mark V Convertible","8","13","1","47334.11","TN","1","""convertible,luxury""","Automatic","BN6VKVM9SB2A49SNK","1960"
"559","Decatur","Gray","2024-01-06","FWD","Flat-6 3.2L","{""model_imgs_key"":{""S"":""lincoln premiere 2 door hardtop""}}","Lincoln","90448","Premiere 2 Door Hardtop","16","29","1","21201.94","GA","1","""luxury,coupe""","Manual","CY13066ZW8KLJXCN2","1956"
"692","Richmond","Blue","2022-05-20","RWD","V8 4.5L","{""model_imgs_key"":{""S"":""pontiac star chief convertible""}}","Pontiac","149493","Star Chief Convertible","11","14","3","38331.83","VA","1","convertible","Manual","GXY5BVOFKFNFNOEXI","1955"
"347","Birmingham","Black","2024-09-28","AWD","V8 5.5L","{""model_imgs_key"":{""S"":""chevrolet corvair monza coupe""}}","Chevrolet","50987","Corvair Monza Coupe","16","21","2","25827.88","AL","1","coupe","Automatic","29FV4GGK626DIK15L","1968"
"542","Indianapolis","Gray","2021-12-26","AWD","V6 3.0L","{""model_imgs_key"":{""S"":""chevrolet 210 2 door sedan""}}","Chevrolet","44424","210 2 Door Sedan","16","21","2","44583.12","IN","1","sedan","Automatic","HWNILP3D1E071BUVX","1957"
"198","Madison","Beige","2021-05-21","FWD","V8 5.7L","{""model_imgs_key"":{""S"":""buick super 50 series riviera 4 door sedan""}}","Buick","27541","Super 50 Series Riviera 4 Door Sedan","10","12","1","6255.44","AL","1","""luxury,sedan""","Manual","P2LAHRMB4ZZ8YDV8C","1953"
"674","San Francisco","Blue","2024-10-21","AWD","V8 5.3L","{""model_imgs_key"":{""S"":""volkswagen type 2 kombi bus""}}","Volkswagen","71105","Type 2 Kombi Bus","8","25","1","20194.78","CA","1","van","Manual","S8ENHUWJ0YFTY0TL5","1978"
"619","New Orleans","Red","2023-07-17","FWD","Rotary 1.2L","{""model_imgs_key"":{""S"":""pontiac catalina hardtop""}}","Pontiac","17512","Catalina Hardtop","12","25","3","26932.94","LA","1","""coupe,luxury""","Automatic","6YHPAVAET15KCKPDM","1959"
"153","Atlanta","Gray","2021-10-06","FWD","V8 5.7L","{""model_imgs_key"":{""S"":""buick super 50 series riviera 4 door sedan""}}","Buick","64662","Super 50 Series Riviera 4 Door Sedan","10","27","3","32915.71","GA","1","""luxury,sedan""","Automatic","4WVQHF8FZHG7WY2ZV","1953"
"135","Pensacola","Yellow","2023-06-13","FWD","Inline-4 3.0L","{""model_imgs_key"":{""S"":""mercedes-benz 220 sedan""}}","Mercedes-Benz","15414","220 Sedan","12","17","1","36351.36","FL","1","""sedan,luxury""","Manual","7TRL368K8HJH41Q5C","1952"
"164","Richmond","White","2023-08-18","RWD","Inline-6 3.2L","{""model_imgs_key"":{""S"":""volkswagen vanagon gl syncro westfalia""}}","Volkswagen","92639","Vanagon Gl Syncro Westfalia","12","24","3","22791.3","VA","1","""SUV / 4x4,van""","Automatic","S8F46S6QV3ARM97GX","1987"
"430","Little Rock","Black","2023-10-01","AWD","Flat-4 2.0L","{""model_imgs_key"":{""S"":""buick 116 sport coupe""}}","Buick","128498","116 Sport Coupe","17","18","1","19200.41","AR","1","coupe","Manual","KSV1G42VZKFPD0LVM","1928"
"609","Portland","Beige","2022-07-30","FWD","Flat-6 2.7L","{""model_imgs_key"":{""S"":""ford thunderbird landau hardtop""}}","Ford","8726","Thunderbird Landau Hardtop","14","21","3","18212.38","OR","1","""luxury,coupe""","Manual","DU3P8P54HCL01HJ2J","1967"
"327","Huntsville","Beige","2024-11-20","FWD","Rotary 1.1L","{""model_imgs_key"":{""S"":""willys jeepster""}}","Willys","114379","Jeepster","10","17","3","23393.71","AL","1","SUV / 4x4","Automatic","2COKQ2187N6X9G5R6","1948"
"463","Pensacola","Black","2022-08-13","AWD","V8 4.5L","{""model_imgs_key"":{""S"":""nissan 280zx""}}","Nissan","143966","280Zx","12","21","2","42957.59","FL","1","coupe","Automatic","4LFX85FLJ7SWOJIN5","1981"
"478","Summerville","White","2021-09-16","AWD","Flat-4 1.3L","{""model_imgs_key"":{""S"":""lincoln zephyr coupe""}}","Lincoln","149950","Zephyr Coupe","8","28","1","42023.42","SC","1","""luxury,coupe""","Automatic","K59HHC3ZMRXP03NW1","1938"
"56","San Diego","Yellow","2023-12-14","AWD","Rotary 1.1L","{""model_imgs_key"":{""S"":""oldsmobile super 88 convertible""}}","Oldsmobile","143051","Super 88 Convertible","14","17","3","35794.18","CA","1","convertible","Manual","B99C1R9TC8SJAOOBU","1957"
"152","Charlotte","Brown","2023-08-11","AWD","Rotary 1.1L","{""model_imgs_key"":{""S"":""willys jeepster""}}","Willys","85418","Jeepster","15","30","3","9649.21","NC","1","SUV / 4x4","Automatic","AQI5BS507Y1L5EHTQ","1948"
"712","Peachtree City","Ivory","2023-09-20","FWD","Flat-6","{""model_imgs_key"":{""S"":""subaru gl""}}","Subaru","169269","GL","15","28","3","26484","GA","1","coupe","Manual","IId65335DnGR06161","1975"
"499","Toledo","Green","2024-12-18","RWD","Inline-4 1.9L","{""model_imgs_key"":{""S"":""toyota classic sedan""}}","Toyota","59709","Classic Sedan","11","26","1","41378.43","OH","1","sedan","Manual","Z350FXYZQ1UCI8G3X","1996"
"283","Tampa","Gray","2024-04-08","AWD","V6 4.2L","{""model_imgs_key"":{""S"":""mercedes-benz 180d sedan""}}","Mercedes-Benz","93532","180D Sedan","16","22","2","42518.31","FL","1","""sedan,luxury""","Manual","MWFULY9STVP8ENIDR","1957"
"162","San Francisco","Black","2023-08-05","AWD","Flat-6 3.6L","{""model_imgs_key"":{""S"":""dodge polara 500 hardtop""}}","Dodge","31162","Polara 500 Hardtop","15","28","2","11243.06","CA","0","""coupe,sedan""","Manual","27SJEJ5BPV7FRS4KA","1962"
"419","Durham","Red","2022-12-15","FWD","Inline-6 3.5L","{""model_imgs_key"":{""S"":""jaguar xke 2 2 coupe""}}","Jaguar","41955","Xke 2 2 Coupe","14","25","3","36895.5","NC","1","""luxury,coupe""","Automatic","UAMZ7UDJX5WNP88RE","1969"
"384","Columbus","Beige","2022-09-28","FWD","V8 7.0L","{""model_imgs_key"":{""S"":""oldsmobile 442 convertible""}}","Oldsmobile","100091","442 Convertible","16","18","3","54009.23","GA","1","""convertible,muscle car""","Manual","X55WEBFS3R5YJSMZH","1967"
"266","Roanoke","Black","2024-07-29","AWD","Flat-4 2.0L","{""model_imgs_key"":{""S"":""lincoln model 117 brunn sedan""}}","Lincoln","74875","Model 117 Brunn Sedan","10","15","2","19993.95","VA","1","""luxury,sedan""","Automatic","9IFJAPFETGKN7WO6O","1922"
"259","Pensacola","Green","2023-04-07","RWD","Rotary 1.1L","{""model_imgs_key"":{""S"":""oldsmobile super 88 convertible""}}","Oldsmobile","94717","Super 88 Convertible","12","25","1","36185.61","FL","1","convertible","Automatic","DNH5RP390SPI5RFDH","1957"
"462","Statesboro","Green","2023-08-27","RWD","V8 4.0L","{""model_imgs_key"":{""S"":""chevrolet monza station wagon""}}","Chevrolet","18199","Monza Station Wagon","11","16","2","37513.08","GA","1","station wagon","Manual","5UFMJ2Z7OHAE67GZY","1978"
"104","Louisville","Green","2023-09-25","FWD","V8 3.5L","{""model_imgs_key"":{""S"":""dodge pickup""}}","Dodge","87260","Pickup","12","17","3","17482.11","KY","1","pickup","Automatic","244NMNL3XUX1GCOK0","1950"
"139","Southaven","Yellow","2022-03-29","AWD","V8 4.2L","{""model_imgs_key"":{""S"":""dodge challenger r t""}}","Dodge","57057","Challenger R T","20","23","2","36166.85","MS","1","""muscle car,coupe""","Manual","BE7LKQG8A2HUQS48Z","1971"
"664","Kenner","Red","2024-05-19","RWD","V6 2.5L","{""model_imgs_key"":{""S"":""dodge dart 270 2 door hardtop""}}","Dodge","82176","Dart 270 2 Door Hardtop","22","24","3","25661.87","LA","1","""sedan,coupe""","Manual","9MD175DZNMYJA5207","1964"
"718","Chicago","BlueViolet","2024-07-09","AWD","V8","{""model_imgs_key"":{""S"":""toyota landcruiser""}}","Toyota","153795","LandCruiser","17","24","3","36803","IL","1","SUV / 4x4","Manual","qyD63900XOUH44468","1963"
"224","Mount Pleasant","Black","2024-05-29","RWD","V6 3.0L","{""model_imgs_key"":{""S"":""chevrolet 210 2 door sedan""}}","Chevrolet","125663","210 2 Door Sedan","19","30","3","25754.38","SC","1","sedan","Manual","DNS346K6ICS9OUE30","1957"
"44","Charleston","White","2022-04-05","RWD","Inline-6 3.5L","{""model_imgs_key"":{""S"":""jaguar xke 2 2 coupe""}}","Jaguar","91053","Xke 2 2 Coupe","20","29","2","10154.82","SC","0","""luxury,coupe""","Manual","OXBU0BJFBF2BY451D","1969"
"485","Roanoke","Blue","2023-05-17","AWD","V12 5.3L","{""model_imgs_key"":{""S"":""cadillac series 62 coupe""}}","Cadillac","140013","Series 62 Coupe","9","15","2","19453.56","VA","1","""luxury,coupe""","Manual","HYCAIJ0S7VE077QM6","1948"
"39","Mechanicsburg","Yellow","2023-04-25","FWD","V12 5.3L","{""model_imgs_key"":{""S"":""cadillac series 62 coupe""}}","Cadillac","73277","Series 62 Coupe","14","17","1","18103.44","PA","1","""luxury,coupe""","Manual","1Z77OQ59R3N8WJWZ5","1948"
"639","Germantown","Green","2022-12-17","RWD","V8 5.7L","{""model_imgs_key"":{""S"":""buick super 50 series riviera 4 door sedan""}}","Buick","12887","Super 50 Series Riviera 4 Door Sedan","12","19","2","32215.59","TN","1","""luxury,sedan""","Manual","KG3VXDA4DJ1C55W2A","1953"
"415","Hoover","Red","2023-03-27","FWD","Flat-4 1.6L","{""model_imgs_key"":{""S"":""mazda miata mx 5""}}","Mazda","34648","Miata Mx 5","14","27","3","49469.85","AL","1","convertible","Manual","MUXD9ZSR047FQXSLS","1992"
"10","New Bern","Black","2022-01-18","AWD","V6 3.8L","{""model_imgs_key"":{""S"":""lincoln lido hardtop""}}","Lincoln","139967","Lido Hardtop","15","21","1","29879.69","NC","1","""luxury,coupe""","Automatic","GSF3Y6L3IMZSU3GS5","1951"
"483","Scranton","Beige","2021-11-09","AWD","Inline-4 1.6L","{""model_imgs_key"":{""S"":""pontiac firebird trans am tribute""}}","Pontiac","39106","Firebird Trans Am Tribute","16","18","3","39172.21","PA","1","muscle car","Manual","JXZ6LRXVDOT1LBZAB","1982"
"211","Pittsburgh","Brown","2023-09-25","FWD","V8 3.5L","{""model_imgs_key"":{""S"":""dodge pickup""}}","Dodge","139831","Pickup","18","19","2","28049.33","PA","1","pickup","Automatic","CE57YEG1DBC0O960L","1950"
"406","Franklin","White","2023-01-23","RWD","Flat-4 1.6L","{""model_imgs_key"":{""S"":""mazda miata mx 5""}}","Mazda","133329","Miata Mx 5","17","18","2","52955.61","TN","1","convertible","Automatic","4G2X3ZGAKQ00OGU9N","1992"
"82","Bozeman","Yellow","2022-03-04","FWD","V8 5.5L","{""model_imgs_key"":{""S"":""volkswagen kelmark gt""}}","Volkswagen","145590","Kelmark Gt","19","24","3","7113.23","MT","1","""coupe,muscle car""","Automatic","U7P9AGSAXOF40MY8A","1969"
"722","Charleston","PowderBlue","2023-09-09","FWD","I6","{""model_imgs_key"":{""S"":""jeep wagoneer""}}","Jeep","186846","Wagoneer","17","26","2","18392","SC","1","""SUV / 4x4,station wagon""","Manual","OSV61082iPzb89232","1961"
"205","Macon","Gray","2022-04-13","AWD","Flat-6 2.2L","{""model_imgs_key"":{""S"":""bmw m3 4 door sedan""}}","BMW","58373","M3 4 Door Sedan","13","18","1","56170.2","GA","1","""sedan,muscle car""","Manual","LPVE55G6UU88INXS7","1997"
"270","Bessemer","Gray","2023-03-05","RWD","Inline-4 1.6L","{""model_imgs_key"":{""S"":""pontiac firebird trans am tribute""}}","Pontiac","79166","Firebird Trans Am Tribute","13","27","3","25653.99","AL","1","muscle car","Manual","J5E4O9TBV7UBJBWZL","1982"
"31","Bessemer","Black","2024-07-14","AWD","V8 4.6L","{""model_imgs_key"":{""S"":""cadillac series 61 coupe""}}","Cadillac","109953","Series 61 Coupe","12","28","1","15437.53","AL","1","""luxury,coupe""","Manual","T4KRPXILC2F2IAAJT","1950"
"160","Los Angeles","Beige","2022-01-16","RWD","V8 4.5L","{""model_imgs_key"":{""S"":""pontiac star chief convertible""}}","Pontiac","61379","Star Chief Convertible","21","25","3","29147.91","CA","1","convertible","Automatic","7ZSSMO5CXNL0YB604","1955"
"206","Gastonia","Blue","2023-02-23","FWD","V12 5.0L","{""model_imgs_key"":{""S"":""volkswagen sand rover t pickup dune buggy""}}","Volkswagen","36123","Sand Rover T Pickup Dune Buggy","16","20","3","13335.76","NC","1","pickup","Automatic","SUNDSQ5GQJ4N02VFH","1971"
"428","Madison","Beige","2021-05-13","RWD","Inline-4 1.6L","{""model_imgs_key"":{""S"":""jeep cj7""}}","Jeep","119207","Cj7","17","30","3","53793.25","AL","1","SUV / 4x4","Manual","CSZ4LFONIHCY08K9M","1983"
"675","Alpharetta","Red","2023-10-11","AWD","V8 3.5L","{""model_imgs_key"":{""S"":""nissan 300zx""}}","Nissan","76745","300Zx","15","23","2","19764.87","GA","1","coupe","Automatic","18RGLPCHS5C1PGL2L","1994"
"191","Atlanta","Yellow","2024-12-08","FWD","Inline-6 3.5L","{""model_imgs_key"":{""S"":""cadillac coupe deville""}}","Cadillac","79965","Coupe Deville","13","14","2","3000","GA","1","""luxury,coupe""","Manual","74ILG7EW9QX5ZAAFY","1970"
"425","Atlanta","Yellow","2024-02-27","FWD","V8 4.0L","{""model_imgs_key"":{""S"":""pontiac firebird formula""}}","Pontiac","24643","Firebird Formula","21","30","3","47110.38","GA","1","muscle car","Manual","KL4776NHWPWU8B7JH","1973"
"727","Nashville","Tan","2022-03-23","FWD","Flat-6","{""model_imgs_key"":{""S"":""chevrolet ck""}}","Chevrolet","152625","CK","11","18","1","23509","TN","1","pickup","Automatic","IHU42727FULF35494","1962"
"58","Syracuse","Blue","2021-09-07","RWD","V8 7.0L","{""model_imgs_key"":{""S"":""chevrolet camaro type lt z28""}}","Chevrolet","141339","Camaro Type Lt Z28","8","19","2","33738.48","NY","1","""muscle car,coupe""","Manual","6EUZGCTAER771CSP7","1974"
"398","Dothan","Gray","2024-10-28","FWD","V12 5.3L","{""model_imgs_key"":{""S"":""oldsmobile toronado""}}","Oldsmobile","53034","Toronado","15","17","3","41986.73","AL","1","luxury","Manual","E968B68M7VX008LHG","1972"
"720","Syracuse","LimeGreen","2023-07-18","AWD","V8","{""model_imgs_key"":{""S"":""toyota landcruiser""}}","Toyota","171253","LandCruiser","12","22","3","22708","NY","1","SUV / 4x4","Manual","LBE75295Xxri56384","1971"
"566","Philadelphia","Red","2022-05-29","AWD","V8 5.3L","{""model_imgs_key"":{""S"":""toyota corolla sedan""}}","Toyota","34573","Corolla Sedan","8","29","3","69506.41","PA","1","sedan","Automatic","U8TC989GB6TVVMAHV","1978"
"541","New Orleans","Gray","2021-04-15","AWD","V12 5.0L","{""model_imgs_key"":{""S"":""jaguar xke roadster""}}","Jaguar","28496","Xke Roadster","20","22","2","42032.34","LA","1","""convertible,luxury""","Manual","6PQD5VALZW6BQKOYF","1969"
"736","Memphis","MediumSlateBlue","2024-07-29","RWD","V8","{""model_imgs_key"":{""S"":""amc gremlin""}}","AMC","82714","Gremlin","17","24","3","38041","TN","1","hatchback","Manual","QEl51659ySTI35571","1980"
"516","Houston","Beige","2025-01-29","AWD","Inline-4 3.0L","{""model_imgs_key"":{""S"":""mercedes-benz 220 sedan""}}","Mercedes-Benz","99979","220 Sedan","9","27","3","5367.14","TX","1","""sedan,luxury""","Automatic","IK5PT1RXRGNM1VO5P","1952"
"710","Mobile","LightGoldenRodYellow","2022-10-31","RWD","V12","{""model_imgs_key"":{""S"":""subaru brat""}}","Subaru","195702","Brat","16","19","2","32555","AL","1","""pickup,coupe""","Manual","kwP70748KNjR89086","1978"
"3","Lexington","Gray","2022-11-30","RWD","Flat-4 1.2L","{""model_imgs_key"":{""S"":""volkswagen camper""}}","Volkswagen","51512","Camper","20","21","1","29310.57","KY","1","van","Manual","7DS5K5LUI0HLY3PSG","1975"
"232","Hanover","Yellow","2023-12-25","AWD","V8 4.6L","{""model_imgs_key"":{""S"":""cadillac series 61 coupe""}}","Cadillac","134932","Series 61 Coupe","13","17","2","31763.49","PA","1","""luxury,coupe""","Manual","56C75Q7HVF8QY9A7V","1950"
"534","Hattiesburg","Black","2022-03-04","AWD","Inline-4 1.6L","{""model_imgs_key"":{""S"":""mercedes-benz 300d sedan""}}","Mercedes-Benz","139934","300D Sedan","17","24","3","22918.36","MS","1","""sedan,luxury""","Manual","E0WBCVSSWUV8889ND","1975"
"65","Miami","Green","2022-09-03","AWD","Flat-6 3.0L","{""model_imgs_key"":{""S"":""oldsmobile cutlass salon hardtop""}}","Oldsmobile","113265","Cutlass Salon Hardtop","20","30","1","24569.73","FL","1","""coupe,luxury""","Manual","MK2N298UGEAOJGBCH","1986"
"420","Florence","Brown","2021-09-03","AWD","Flat-4 1.3L","{""model_imgs_key"":{""S"":""pontiac gto hardtop""}}","Pontiac","116070","Gto Hardtop","15","17","2","16160.46","SC","1","muscle car","Automatic","KQTJL5DDEPH9FJ98W","1970"
"601","Dothan","White","2021-06-10","FWD","Flat-6 2.0L","{""model_imgs_key"":{""S"":""cadillac fleetwood brougham d elegance""}}","Cadillac","113669","Fleetwood Brougham D Elegance","15","26","1","26155.92","AL","1","""luxury,sedan""","Automatic","G5MKKO6L0S6GLRU62","1984"
"671","Buffalo","Brown","2024-12-21","RWD","V8 5.3L","{""model_imgs_key"":{""S"":""volkswagen type 2 kombi bus""}}","Volkswagen","141266","Type 2 Kombi Bus","16","19","2","22852.1","NY","1","van","Automatic","MU0FZMO1D4JDPX9AN","1978"
"504","Watertown","Beige","2022-06-28","FWD","V6 4.2L","{""model_imgs_key"":{""S"":""mercedes-benz 190sl roadster""}}","Mercedes-Benz","45291","190Sl Roadster","12","28","1","34072.15","NY","1","""convertible,luxury""","Manual","6NDGCP0C7K0FYZ3GI","1960"
"726","Hattiesburg","DarkBlue","2023-11-27","AWD","I4","{""model_imgs_key"":{""S"":""jeep wagoneer""}}","Jeep","151654","Wagoneer","17","16","1","54275","MS","1","""SUV / 4x4,station wagon""","Manual","jJh35259QaEB74770","1986"
"648","Bessemer","Green","2024-05-21","FWD","Inline-4 1.6L","{""model_imgs_key"":{""S"":""mercedes-benz 300d sedan""}}","Mercedes-Benz","44018","300D Sedan","10","21","2","64887.69","AL","0","""sedan,luxury""","Automatic","MJRU5FK2GGEQ9Y1DJ","1975"
"253","Chicago","Beige","2024-06-24","RWD","V12 5.3L","{""model_imgs_key"":{""S"":""cadillac series 62 coupe""}}","Cadillac","138386","Series 62 Coupe","11","28","2","45054.35","IL","1","""luxury,coupe""","Automatic","DF7LMNUTNKOFVVA9C","1948"
"132","Hoover","White","2024-04-17","FWD","Inline-6 3.2L","{""model_imgs_key"":{""S"":""volkswagen vanagon gl syncro westfalia""}}","Volkswagen","144248","Vanagon Gl Syncro Westfalia","13","17","2","12641.25","AL","1","""SUV / 4x4,van""","Automatic","EC5QXN1SGDMK56LVT","1987"
"166","Hanover","Brown","2023-06-29","AWD","Inline-6 3.2L","{""model_imgs_key"":{""S"":""lincoln continental mark iii 2 door hardtop""}}","Lincoln","23453","Continental Mark Iii 2 Door Hardtop","10","23","3","38421.61","PA","1","""luxury,coupe""","Automatic","ENT7GG14MYSQTC24O","1970"
"694","Alpharetta","Yellow","2023-03-13","AWD","Inline-4 2.2L","{""model_imgs_key"":{""S"":""chevrolet sedan delivery""}}","Chevrolet","142011","Sedan Delivery","12","20","3","28294.08","GA","1","van","Manual","J8A7FD5WJAXBD5UUN","1951"
"298","Syracuse","Yellow","2024-04-02","FWD","V6 2.5L","{""model_imgs_key"":{""S"":""dodge series vc g502 power wagon pickup""}}","Dodge","147491","Series Vc G502 Power Wagon Pickup","19","23","1","25558.91","NY","1","""pickup,SUV / 4x4""","Manual","HHKWOBPL5RZND95HE","1940"
"568","Harrisburg","White","2022-06-12","FWD","V8 6.6L","{""model_imgs_key"":{""S"":""buick skylark gs hardtop""}}","Buick","95528","Skylark Gs Hardtop","19","25","2","26149.83","PA","1","""muscle car,coupe""","Automatic","J9CTQ6ZHZN61NV5KA","1966"
"233","Denver","Red","2021-09-02","FWD","Rotary 1.2L","{""model_imgs_key"":{""S"":""pontiac catalina hardtop""}}","Pontiac","25712","Catalina Hardtop","19","20","2","40195.33","CO","1","""coupe,luxury""","Automatic","HWMUGIERAHIF4GDII","1959"
"472","Clayton","Blue","2021-05-16","RWD","V8 4.0L","{""model_imgs_key"":{""S"":""chevrolet monza station wagon""}}","Chevrolet","29441","Monza Station Wagon","11","16","1","63658.5","NC","1","station wagon","Automatic","MCX4GU8H7QVF1RCOS","1978"
"620","Opelika","Green","2024-01-16","FWD","Flat-4 2.0L","{""model_imgs_key"":{""S"":""dodge d150 lil red express pickup""}}","Dodge","83233","D150 Lil Red Express Pickup","19","27","2","20735.5","AL","1","pickup","Automatic","5XOEL8KU2S5UMSSPN","1979"
"557","Louisville","Yellow","2023-10-06","FWD","Flat-4 2.0L","{""model_imgs_key"":{""S"":""lincoln model 117 brunn sedan""}}","Lincoln","20216","Model 117 Brunn Sedan","17","29","2","23025.36","KY","1","""luxury,sedan""","Manual","VVPL5JVE85HBMURMX","1922"
"276","Buffalo","Blue","2021-06-05","AWD","Flat-6 3.6L","{""model_imgs_key"":{""S"":""dodge polara 500 hardtop""}}","Dodge","141493","Polara 500 Hardtop","20","28","1","24518.72","NY","1","""coupe,sedan""","Automatic","GC7TVPKF6903EGF2F","1962"
"38","Portland","Beige","2023-10-09","AWD","V8 5.7L","{""model_imgs_key"":{""S"":""buick super 50 series riviera 4 door sedan""}}","Buick","142689","Super 50 Series Riviera 4 Door Sedan","15","21","1","41620.25","OR","1","""luxury,sedan""","Automatic","BBZTETHX86E8CWKY2","1953"
"623","Harrisburg","Black","2024-05-15","FWD","Flat-6 3.6L","{""model_imgs_key"":{""S"":""dodge polara 500 hardtop""}}","Dodge","66008","Polara 500 Hardtop","19","29","3","39698.46","PA","1","""coupe,sedan""","Manual","EITKP6LAUB5609UB5","1962"
"482","Denver","Blue","2021-05-22","FWD","V8 5.5L","{""model_imgs_key"":{""S"":""chevrolet corvair monza coupe""}}","Chevrolet","105036","Corvair Monza Coupe","20","20","2","11575.41","CO","1","coupe","Automatic","47HPQ8R2P3ZKXRZ41","1968"
"297","Jackson","Yellow","2024-02-24","FWD","Inline-4 2.5L","{""model_imgs_key"":{""S"":""dodge vc series 1 2 ton panel truck""}}","Dodge","95114","Vc Series 1 2 Ton Panel Truck","13","20","2","22932.56","MS","1","pickup","Automatic","ATV7BS0QCIJ6DGCBH","1940"
"595","Chattanooga","Black","2021-09-20","AWD","Inline-6 3.2L","{""model_imgs_key"":{""S"":""lincoln continental mark iii 2 door hardtop""}}","Lincoln","35623","Continental Mark Iii 2 Door Hardtop","14","25","3","17865.97","TN","1","""luxury,coupe""","Manual","ZBOW1S9VJYW5ASQV9","1970"
"628","Austin","Red","2024-11-04","FWD","V8 4.5L","{""model_imgs_key"":{""S"":""porsche 928 s coupe""}}","Porsche","83821","928 S Coupe","17","20","1","14794.99","TX","1","coupe","Automatic","P2QK68230XZUJ83OR","1984"
"407","Alpharetta","Brown","2023-03-23","AWD","V12 7.2L","{""model_imgs_key"":{""S"":""buick riviera hardtop""}}","Buick","28644","Riviera Hardtop","17","20","1","34405.97","GA","1","""luxury,coupe""","Manual","GYU9UAZ7QXYLKEZVB","1972"
"663","Bessemer","Blue","2024-12-30","FWD","V8 6.2L","{""model_imgs_key"":{""S"":""chevrolet malibu chevelle hardtop""}}","Chevrolet","92460","Malibu Chevelle Hardtop","16","28","2","37973.56","AL","1","""muscle car,coupe""","Automatic","HIG2LB12P9JRX55YY","1968"
"695","Atlanta","Green","2022-02-28","RWD","V6 3.8L","{""model_imgs_key"":{""S"":""lincoln lido hardtop""}}","Lincoln","8398","Lido Hardtop","12","27","2","23698.82","GA","1","""luxury,coupe""","Manual","19VKEYFM1ADNS0C1P","1951"
"586","Pittsburgh","Green","2022-09-15","FWD","V8 4.0L","{""model_imgs_key"":{""S"":""cadillac series 63 touring sedan""}}","Cadillac","35390","Series 63 Touring Sedan","16","21","1","41686.73","PA","1","""luxury,sedan""","Manual","H8FND0GCW3M3UBIB8","1941"
"169","North Charleston","Gray","2023-03-19","FWD","V8 4.5L","{""model_imgs_key"":{""S"":""pontiac star chief convertible""}}","Pontiac","82669","Star Chief Convertible","21","22","3","27521.99","SC","1","convertible","Automatic","8QO0IFFLUHHF0QBRM","1955"
"383","Boston","Brown","2023-07-17","RWD","V12 5.3L","{""model_imgs_key"":{""S"":""cadillac series 62 coupe""}}","Cadillac","90369","Series 62 Coupe","14","16","3","34019.25","MA","1","""luxury,coupe""","Manual","I23K4WKJU9HU7N3LA","1948"
"332","Toledo","Red","2023-09-05","RWD","Rotary 1.2L","{""model_imgs_key"":{""S"":""bmw isetta 300 cabriolet""}}","BMW","20696","Isetta 300 Cabriolet","12","19","2","25780.43","OH","1","coupe","Manual","381UNCBN0T38BCE4Y","1957"
"731","Boston","LightGoldenRodYellow","2022-05-31","RWD","Flat-6","{""model_imgs_key"":{""S"":""ferrari testarossa""}}","Ferrari","122045","Testarossa","14","27","3","72125","MA","1","""coupe,luxury""","Manual","QeQ19679fKyj76747","1990"
"363","Bayonne","Yellow","2021-09-25","AWD","Inline-6 2.8L","{""model_imgs_key"":{""S"":""pontiac firebird convertible""}}","Pontiac","33143","Firebird Convertible","15","20","1","46794.32","NJ","1","""convertible,muscle car""","Manual","9CPOD40UXPOT1C3PD","1967"
"215","Durham","Green","2021-06-08","RWD","Inline-4 1.6L","{""model_imgs_key"":{""S"":""jeep cj7""}}","Jeep","84952","Cj7","16","16","1","26268.43","NC","1","SUV / 4x4","Automatic","YFMSRRAL4V8Z5W4O1","1983"
"488","Bozeman","Gray","2024-02-21","FWD","Inline-4 1.6L","{""model_imgs_key"":{""S"":""jeep cj7""}}","Jeep","20249","Cj7","10","26","1","24819.44","MT","1","SUV / 4x4","Automatic","KKLUGMJ6YK9R9Z9ZW","1983"
"96","Montgomery","Gray","2024-12-26","AWD","V6 4.2L","{""model_imgs_key"":{""S"":""mercedes-benz 180d sedan""}}","Mercedes-Benz","127538","180D Sedan","20","20","3","22814.3","AL","1","""sedan,luxury""","Manual","6RUPRWG6V2M8ZDT07","1957"
"388","New Orleans","Black","2025-02-16","FWD","V8 7.0L","{""model_imgs_key"":{""S"":""oldsmobile 442 convertible""}}","Oldsmobile","37329","442 Convertible","10","21","3","3000","LA","1","""convertible,muscle car""","Manual","3WRF6N3XMWRYQ2TV3","1967"
"321","Savannah","Brown","2022-06-21","FWD","V8 4.5L","{""model_imgs_key"":{""S"":""porsche 928 s coupe""}}","Porsche","116933","928 S Coupe","9","19","2","32753.34","GA","1","coupe","Automatic","AX5LTFBIKV46OWIAS","1984"
"210","Peachtree City","Gray","2024-02-06","AWD","Inline-4 1.6L","{""model_imgs_key"":{""S"":""pontiac firebird trans am tribute""}}","Pontiac","117669","Firebird Trans Am Tribute","10","13","1","44850.95","GA","0","muscle car","Manual","3GUX8Q136L17X0XWS","1982"
"651","Dothan","Red","2024-11-15","AWD","V6 4.2L","{""model_imgs_key"":{""S"":""mercedes-benz 180d sedan""}}","Mercedes-Benz","130737","180D Sedan","10","17","3","21360.91","AL","1","""sedan,luxury""","Manual","CIKDMSMFGHKXDCAPF","1957"
"530","Newark","Brown","2021-08-05","AWD","Flat-6 2.2L","{""model_imgs_key"":{""S"":""buick electra 225 limited 2 door hardtop""}}","Buick","98315","Electra 225 Limited 2 Door Hardtop","8","14","2","23554.33","NJ","1","""luxury,coupe""","Automatic","53DP6GD8AFJ6TZ6YJ","1975"
"323","Seattle","Brown","2022-01-09","AWD","V8 7.0L","{""model_imgs_key"":{""S"":""chevrolet camaro type lt z28""}}","Chevrolet","58078","Camaro Type Lt Z28","15","20","1","27115.61","WA","1","""muscle car,coupe""","Automatic","N6TE2W5CQ0WC4VWVV","1974"
"622","Albany","Gray","2021-09-02","RWD","Flat-4 1.6L","{""model_imgs_key"":{""S"":""volkswagen beetle""}}","Volkswagen","10189","Beetle","13","14","3","11345.51","NY","1","""coupe,sedan""","Manual","DCQD2OJMYRPO4GDEY","1967"
"385","Little Rock","White","2023-11-20","AWD","Flat-4 1.6L","{""model_imgs_key"":{""S"":""mazda miata mx 5""}}","Mazda","124465","Miata Mx 5","15","18","2","24775.16","AR","1","convertible","Automatic","LUTIH1LJVMLNC5NSK","1992"
"421","Greenville","White","2024-01-29","AWD","V8 4.0L","{""model_imgs_key"":{""S"":""cadillac series 63 touring sedan""}}","Cadillac","33757","Series 63 Touring Sedan","16","22","1","23909.92","SC","1","""luxury,sedan""","Automatic","K45E6CD4QZIKGBK5U","1941"
"625","Pensacola","Blue","2024-02-05","AWD","V6 3.0L","{""model_imgs_key"":{""S"":""chevrolet 210 2 door sedan""}}","Chevrolet","43699","210 2 Door Sedan","12","14","1","25075.57","FL","1","sedan","Manual","CTNYM1NVHMFUACBJB","1957"
"221","Macon","Blue","2024-03-31","AWD","V8 6.0L","{""model_imgs_key"":{""S"":""volkswagen porsche 959 tribute roadster""}}","Volkswagen","130144","Porsche 959 Tribute Roadster","13","21","3","25239.22","GA","1","convertible","Manual","G0MS311U2BZMTNY6A","1969"
"700","Newark","Beige","2023-01-11","FWD","V8 4.5L","{""model_imgs_key"":{""S"":""porsche 928 s coupe""}}","Porsche","36680","928 S Coupe","13","13","3","25540.81","NJ","1","coupe","Automatic","V1ZB94Z33ZCQL40UD","1984"
"181","Watertown","Red","2021-06-28","RWD","Inline-6 3.5L","{""model_imgs_key"":{""S"":""volkswagen karmann ghia coupe""}}","Volkswagen","147073","Karmann Ghia Coupe","14","18","3","3000","NY","0","coupe","Automatic","87NTSGC8RXXZVOSET","1964"
"649","San Francisco","Green","2024-03-04","AWD","Inline-6 3.5L","{""model_imgs_key"":{""S"":""cadillac coupe deville""}}","Cadillac","88642","Coupe Deville","12","20","2","42041.45","CA","1","""luxury,coupe""","Manual","58WG0RGAIESWK8PWR","1970"
"460","Burlington","White","2021-06-14","FWD","V8 4.0L","{""model_imgs_key"":{""S"":""chevrolet monza station wagon""}}","Chevrolet","5808","Monza Station Wagon","21","27","2","29496.57","NC","1","station wagon","Manual","N68CJ81HHIJ5U3ZY9","1978"
"477","Clayton","Blue","2022-08-17","RWD","V8 4.0L","{""model_imgs_key"":{""S"":""chevrolet monza station wagon""}}","Chevrolet","105588","Monza Station Wagon","9","29","3","35513.69","NC","1","station wagon","Manual","D8NU0P5K35QAGZ3K5","1978"
"629","Raleigh","Beige","2023-09-12","RWD","V8 4.6L","{""model_imgs_key"":{""S"":""cadillac series 61 coupe""}}","Cadillac","12833","Series 61 Coupe","9","23","2","11401.91","NC","1","""luxury,coupe""","Automatic","5YPBVU2J5XPC1GPP2","1950"
"178","Columbia","Red","2022-10-20","FWD","V12 5.3L","{""model_imgs_key"":{""S"":""cadillac series 62 coupe""}}","Cadillac","111461","Series 62 Coupe","22","29","3","41382.66","SC","1","""luxury,coupe""","Automatic","LZALF9L71I8RV54R4","1948"
"672","Los Angeles","White","2024-05-11","AWD","V8 5.5L","{""model_imgs_key"":{""S"":""volkswagen kelmark gt""}}","Volkswagen","56414","Kelmark Gt","12","16","2","19900.99","CA","1","""coupe,muscle car""","Automatic","1RRNFCMEPKAIC7QWR","1969"
"606","Fayetteville","Gray","2024-07-31","RWD","V8 5.7L","{""model_imgs_key"":{""S"":""buick super 50 series riviera 4 door sedan""}}","Buick","80778","Super 50 Series Riviera 4 Door Sedan","8","29","1","5075.8","NC","1","""luxury,sedan""","Manual","2JAKNXVPXPLKQONM1","1953"
"404","Toledo","Green","2021-08-13","FWD","Flat-4 1.6L","{""model_imgs_key"":{""S"":""volkswagen beetle""}}","Volkswagen","106466","Beetle","22","25","1","12984.79","OH","1","""coupe,sedan""","Automatic","UYK2VULDBJQ6UJFJE","1967"
"123","Cary","Yellow","2022-05-24","RWD","V12 7.2L","{""model_imgs_key"":{""S"":""jaguar xjs v12 convertible""}}","Jaguar","61089","Xjs V12 Convertible","9","13","1","19845.25","NC","1","""convertible,luxury""","Automatic","HONM4WZIADSKS2S5W","1995"
"624","Southaven","Green","2024-08-29","FWD","V8 7.5L","{""model_imgs_key"":{""S"":""dodge charger hardtop""}}","Dodge","83563","Charger Hardtop","9","29","2","49001.29","MS","1","""muscle car,coupe""","Manual","E8TP5MXOUXHCT71UV","1969"
"414","Birmingham","Brown","2022-07-14","AWD","Flat-6 3.0L","{""model_imgs_key"":{""S"":""oldsmobile cutlass salon hardtop""}}","Oldsmobile","38491","Cutlass Salon Hardtop","17","26","3","10278.47","AL","1","""coupe,luxury""","Manual","5IWP8NP60KSIP9C6E","1986"
"684","Phoenix","Yellow","2025-02-16","AWD","Inline-4 1.6L","{""model_imgs_key"":{""S"":""mercedes-benz 300d sedan""}}","Mercedes-Benz","145845","300D Sedan","9","12","1","12982.22","AZ","1","""sedan,luxury""","Automatic","HYL4T42WZV2S5NZJ9","1975"
"381","San Francisco","Red","2021-07-11","AWD","Inline-4 2.2L","{""model_imgs_key"":{""S"":""chevrolet sedan delivery""}}","Chevrolet","31396","Sedan Delivery","8","16","1","24825.67","CA","1","van","Manual","ODPN9845OLPMYE4AT","1951"
"151","Columbia","Brown","2021-09-21","RWD","V6 4.0L","{""model_imgs_key"":{""S"":""lincoln continental town coupe""}}","Lincoln","95746","Continental Town Coupe","22","26","1","51605.85","SC","0","""luxury,coupe""","Automatic","1PYOAAQTP4XQKY0RC","1976"
"317","Norfolk","Gray","2021-07-25","AWD","Flat-6 2.2L","{""model_imgs_key"":{""S"":""bmw m3 4 door sedan""}}","BMW","18904","M3 4 Door Sedan","17","24","1","6986.74","VA","1","""sedan,muscle car""","Automatic","XGOVEW5NS53V6VZXN","1997"
"274","Philadelphia","Yellow","2024-01-02","RWD","V6 4.2L","{""model_imgs_key"":{""S"":""mercedes-benz 190sl roadster""}}","Mercedes-Benz","23207","190Sl Roadster","20","26","3","12766.56","PA","1","""convertible,luxury""","Manual","5IROUXZU8PYY5PHX4","1960"
"417","Southaven","Gray","2022-07-29","FWD","V8 4.0L","{""model_imgs_key"":{""S"":""pontiac firebird formula""}}","Pontiac","106950","Firebird Formula","16","26","3","28808.12","MS","1","muscle car","Automatic","7KM7U9TBEC92LFJYA","1973"
"268","Scranton","Blue","2022-03-14","AWD","Rotary 1.1L","{""model_imgs_key"":{""S"":""willys jeepster""}}","Willys","42219","Jeepster","13","23","3","16784.45","PA","1","SUV / 4x4","Manual","NAXZ7P3GEVJDU1CC7","1948"
"228","Kenner","Gray","2024-03-30","AWD","Flat-4 1.3L","{""model_imgs_key"":{""S"":""mercedes-benz 560sl roadster""}}","Mercedes-Benz","66238","560Sl Roadster","11","15","3","46508","LA","1","""convertible,luxury""","Manual","ABBIHOYP0PIDC4ILM","1987"
"714","Vestavia Hills","GhostWhite","2023-11-04","FWD","Flat-6","{""model_imgs_key"":{""S"":""subaru gl""}}","Subaru","141770","GL","15","17","3","42767","AL","1","coupe","Automatic","LZW58734PySy45821","1964"
"81","Richmond","White","2023-10-15","FWD","V8 4.5L","{""model_imgs_key"":{""S"":""pontiac star chief convertible""}}","Pontiac","72943","Star Chief Convertible","18","28","3","29609.73","VA","1","convertible","Manual","ZAW6Z9DJ1IT6BZ4AV","1955"
"2","Austin","Gray","2023-02-23","FWD","V8 4.5L","{""model_imgs_key"":{""S"":""nissan 280zx""}}","Nissan","24083","280Zx","8","21","3","42502.49","TX","1","coupe","Automatic","ENCOGOAY15Q5H0IX6","1981"
"433","Gastonia","Blue","2021-11-11","FWD","V8 4.6L","{""model_imgs_key"":{""S"":""oldsmobile l32 4 door sedan""}}","Oldsmobile","50164","L32 4 Door Sedan","15","21","1","49091.51","NC","1","sedan","Automatic","MHZN216ARL3BZF38T","1932"
"194","Austin","Gray","2023-09-09","AWD","V12 7.2L","{""model_imgs_key"":{""S"":""buick riviera hardtop""}}","Buick","40134","Riviera Hardtop","15","19","1","44622.19","TX","1","""luxury,coupe""","Manual","QCGT70BJIK26AG8NH","1972"
"562","Philadelphia","Yellow","2022-10-23","FWD","V6 3.0L","{""model_imgs_key"":{""S"":""lincoln cosmopolitan sedan""}}","Lincoln","68727","Cosmopolitan Sedan","21","29","3","32572.24","PA","1","""luxury,sedan""","Automatic","Y3IHTKCTFU9GP2D2H","1954"
"604","Albany","Blue","2022-08-09","FWD","V8 3.5L","{""model_imgs_key"":{""S"":""toyota pickup""}}","Toyota","91605","Pickup","19","22","3","29884.73","NY","1","pickup","Automatic","RUCG7SQ9MW3R2KZMM","1982"
"670","Tampa","White","2022-01-04","AWD","V12 5.0L","{""model_imgs_key"":{""S"":""jaguar xke roadster""}}","Jaguar","54297","Xke Roadster","13","22","1","56343.06","FL","1","""convertible,luxury""","Automatic","G7GUBVLBB2FLSLVXN","1969"
"120","Haines City","Blue","2024-07-23","RWD","Flat-6 2.0L","{""model_imgs_key"":{""S"":""cadillac fleetwood brougham d elegance""}}","Cadillac","133292","Fleetwood Brougham D Elegance","21","21","2","25982.55","FL","1","""luxury,sedan""","Automatic","8Y82PHQHMCKDK2173","1984"
"650","Brentwood","Black","2021-10-17","RWD","Flat-6 3.2L","{""model_imgs_key"":{""S"":""lincoln premiere 2 door hardtop""}}","Lincoln","147164","Premiere 2 Door Hardtop","10","30","2","46581.29","TN","1","""luxury,coupe""","Manual","468I6HP3GQVUUG8YS","1956"
"738","Augusta","White","2024-12-13","FWD","V6","{""model_imgs_key"":{""S"":""amc gremlin""}}","AMC","147955","Gremlin","10","27","2","38147","GA","1","hatchback","Automatic","WRb31824kpAS64398","1994"
"292","Statesboro","Black","2022-09-16","FWD","V8 4.0L","{""model_imgs_key"":{""S"":""chevrolet monza station wagon""}}","Chevrolet","124022","Monza Station Wagon","12","18","3","29475","GA","1","station wagon","Automatic","QX2QRJM7C4QCW9TII","1978"
"330","Franklin","Green","2024-06-25","FWD","Flat-6 2.2L","{""model_imgs_key"":{""S"":""bmw m3 4 door sedan""}}","BMW","134303","M3 4 Door Sedan","12","19","1","41440.77","TN","1","""sedan,muscle car""","Manual","9N3GBBS6A9IPLJCL7","1997"
"21","Knoxville","Brown","2023-10-06","RWD","Flat-4 1.6L","{""model_imgs_key"":{""S"":""mazda miata mx 5""}}","Mazda","116171","Miata Mx 5","11","29","2","35476.59","TN","1","convertible","Manual","JD8OJYY2PNK9HG4K6","1992"
"484","Nashville","Gray","2024-02-01","FWD","Inline-6 3.5L","{""model_imgs_key"":{""S"":""volkswagen karmann ghia coupe""}}","Volkswagen","110227","Karmann Ghia Coupe","19","23","3","51529.29","TN","1","coupe","Automatic","GESMVFTEBQN8A43GX","1964"
"231","Greenville","Red","2024-03-31","FWD","V8 6.0L","{""model_imgs_key"":{""S"":""dodge power wagon""}}","Dodge","133286","Power Wagon","9","13","3","48491.79","SC","1","""SUV / 4x4,pickup""","Manual","20B8P9O3YVPMVD1C9","1951"
"519","Summerville","Red","2025-02-23","RWD","Inline-6 3.5L","{""model_imgs_key"":{""S"":""dodge ram srt 10 pickup""}}","Dodge","78639","Ram Srt 10 Pickup","10","15","1","37357.8","SC","1","pickup","Manual","642WPIZBV0ZWH0KIW","2004"
"592","Greensboro","Blue","2024-07-23","RWD","V8 7.0L","{""model_imgs_key"":{""S"":""oldsmobile 442 convertible""}}","Oldsmobile","51131","442 Convertible","17","25","3","53110.77","NC","1","""convertible,muscle car""","Automatic","IWJ0K5R9PEV9O3PMC","1967"
"702","Toledo","Aquamarine","2023-04-25","FWD","Flat-6","{""model_imgs_key"":{""S"":""buick regal grand national""}}","Buick","60963","Regal Grand National","15","16","2","27918","OH","1","""sedan,coupe""","Manual","tkG71524mNlY20238","1970"
"344","Memphis","Brown","2024-02-11","FWD","V12 5.3L","{""model_imgs_key"":{""S"":""cadillac series 62 coupe""}}","Cadillac","82248","Series 62 Coupe","19","20","3","23099.62","TN","1","""luxury,coupe""","Manual","4VBU294W3Q85IIJZ3","1948"
"183","Mobile","Gray","2023-09-23","FWD","V8 4.2L","{""model_imgs_key"":{""S"":""lincoln mark v convertible""}}","Lincoln","41545","Mark V Convertible","13","28","2","38120.96","AL","1","""convertible,luxury""","Manual","72SXP9IQE6L0CCB45","1960"
"645","Albany","Brown","2025-01-11","AWD","V6 2.5L","{""model_imgs_key"":{""S"":""dodge series vc g502 power wagon pickup""}}","Dodge","71604","Series Vc G502 Power Wagon Pickup","11","17","2","29915.46","NY","1","""pickup,SUV / 4x4""","Automatic","P4VUKEYZNNT7ZNEJC","1940"
"565","Mechanicsburg","Beige","2022-02-14","AWD","Rotary 1.2L","{""model_imgs_key"":{""S"":""pontiac catalina hardtop""}}","Pontiac","20862","Catalina Hardtop","14","21","2","37161.68","PA","1","""coupe,luxury""","Automatic","0MDH5LZ1XTUL119ZA","1959"
"40","Augusta","Red","2024-01-23","AWD","Flat-6 3.6L","{""model_imgs_key"":{""S"":""ford mustang mach 1""}}","Ford","81783","Mustang Mach 1","9","18","2","40759.06","GA","1","""muscle car,coupe""","Automatic","1Z879F50574LDL6M6","1972"
"657","Chicago","Red","2021-07-30","FWD","Flat-4 1.2L","{""model_imgs_key"":{""S"":""volkswagen camper""}}","Volkswagen","144651","Camper","18","29","2","45363.75","IL","1","van","Manual","34CU57GR7JJ52YQCW","1975"
"265","Goose Creek","Beige","2024-10-26","FWD","Inline-4 1.6L","{""model_imgs_key"":{""S"":""mercedes-benz 300d sedan""}}","Mercedes-Benz","119296","300D Sedan","20","20","2","18707.94","SC","0","""sedan,luxury""","Automatic","VFIAH5Z99YDDH69XO","1975"
"610","Indianapolis","Black","2022-11-16","RWD","Rotary 1.1L","{""model_imgs_key"":{""S"":""oldsmobile super 88 convertible""}}","Oldsmobile","102642","Super 88 Convertible","12","20","1","16578.24","IN","1","convertible","Automatic","X6067FJQOZOZLTKCV","1957"
"14","Dothan","Green","2022-11-26","RWD","Rotary 1.1L","{""model_imgs_key"":{""S"":""oldsmobile super 88 convertible""}}","Oldsmobile","141037","Super 88 Convertible","19","30","2","13986.26","AL","1","convertible","Manual","MU4QF1K0AQ4013SF4","1957"
"291","Hoover","Brown","2022-11-01","AWD","Flat-4 2.0L","{""model_imgs_key"":{""S"":""dodge d150 lil red express pickup""}}","Dodge","57484","D150 Lil Red Express Pickup","14","18","1","26945.25","AL","1","pickup","Automatic","FTRXEMD161WCXXH6Q","1979"
"289","Jackson","Gray","2024-07-18","AWD","Inline-6 3.5L","{""model_imgs_key"":{""S"":""jaguar xke 2 2 coupe""}}","Jaguar","31418","Xke 2 2 Coupe","12","29","3","32000.61","MS","1","""luxury,coupe""","Manual","ORWM3U7Q4YOEGSEQK","1969"
"308","Tallahassee","Beige","2021-08-06","RWD","V8 5.0L","{""model_imgs_key"":{""S"":""cadillac fleetwood coupe""}}","Cadillac","122119","Fleetwood Coupe","12","15","2","7142.96","FL","1","""luxury,coupe""","Manual","IUUDK1SGWO7M2AYN7","1990"
"208","San Diego","Blue","2025-04-02","FWD","Flat-6 3.0L","{""model_imgs_key"":{""S"":""oldsmobile cutlass salon hardtop""}}","Oldsmobile","75366","Cutlass Salon Hardtop","8","20","3","27460.38","CA","0","""coupe,luxury""","Manual","CHQCCNPMHO864HSGJ","1986"
"203","Watertown","White","2024-09-22","RWD","V12 7.2L","{""model_imgs_key"":{""S"":""buick riviera hardtop""}}","Buick","87881","Riviera Hardtop","13","24","1","3000","NY","1","""luxury,coupe""","Automatic","W0Z9QS1ZF7QXNKUA2","1972"
"55","Roswell","Black","2024-05-25","AWD","V6 4.2L","{""model_imgs_key"":{""S"":""mercedes-benz 180d sedan""}}","Mercedes-Benz","28507","180D Sedan","8","24","3","23341.41","GA","1","""sedan,luxury""","Manual","IKRCUTDWKFP4U1UTN","1957"
"352","Harrisburg","Red","2022-08-15","RWD","V8 6.6L","{""model_imgs_key"":{""S"":""buick skylark gs hardtop""}}","Buick","52225","Skylark Gs Hardtop","10","26","1","6618.76","PA","1","""muscle car,coupe""","Automatic","YLPII8SQ717B0EKY5","1966"
"549","Raleigh","Beige","2024-03-02","AWD","V8 5.5L","{""model_imgs_key"":{""S"":""volkswagen kelmark gt""}}","Volkswagen","68986","Kelmark Gt","9","13","1","16538.48","NC","1","""coupe,muscle car""","Automatic","AQ15TCPL58LJLA1H8","1969"
"399","Seattle","Blue","2024-10-09","AWD","V12 5.3L","{""model_imgs_key"":{""S"":""cadillac series 62 coupe""}}","Cadillac","81155","Series 62 Coupe","21","23","1","27845.57","WA","1","""luxury,coupe""","Automatic","Y1D8PGELHVN08NXYC","1948"
"608","Chattanooga","Gray","2024-12-06","FWD","Inline-4 1.9L","{""model_imgs_key"":{""S"":""toyota classic sedan""}}","Toyota","28816","Classic Sedan","16","21","3","22185.2","TN","0","sedan","Manual","GK92O5D7OMNZCAMHS","1996"
"18","Atlanta","Blue","2023-10-11","RWD","V8 5.3L","{""model_imgs_key"":{""S"":""volkswagen type 2 kombi bus""}}","Volkswagen","149411","Type 2 Kombi Bus","15","28","2","48966.19","GA","1","van","Manual","2KKPZE3MH248J7WWF","1978"
"309","Chicago","Beige","2023-10-29","AWD","Flat-6 3.6L","{""model_imgs_key"":{""S"":""dodge polara 500 hardtop""}}","Dodge","70781","Polara 500 Hardtop","15","16","1","8660.66","IL","1","""coupe,sedan""","Manual","BAJBG7I16BXLVRH5C","1962"
"390","Concord","White","2024-04-21","RWD","Inline-4 2.2L","{""model_imgs_key"":{""S"":""dodge rampage""}}","Dodge","88551","Rampage","12","30","1","46930.23","NC","1","pickup","Automatic","3L9DCZEI3QF2G3RDC","1984"
"599","Louisville","Brown","2023-10-09","AWD","Inline-4 3.0L","{""model_imgs_key"":{""S"":""mercedes-benz 220 sedan""}}","Mercedes-Benz","30535","220 Sedan","10","28","1","61615.64","KY","1","""sedan,luxury""","Automatic","GEJX4HCOGE3EOFKWP","1952"
"493","Goose Creek","Gray","2021-09-06","AWD","V8 7.0L","{""model_imgs_key"":{""S"":""chevrolet camaro type lt z28""}}","Chevrolet","113137","Camaro Type Lt Z28","12","19","2","39213.42","SC","1","""muscle car,coupe""","Manual","9Q2FIIPT0H52FVO4D","1974"
"724","Scranton","DarkGreen","2024-02-14","RWD","I6","{""model_imgs_key"":{""S"":""jeep wagoneer""}}","Jeep","195333","Wagoneer","19","24","2","36374","PA","1","""SUV / 4x4,station wagon""","Automatic","BJO62839XczM02501","1994"
"263","Burlington","Red","2025-01-10","RWD","V6 3.0L","{""model_imgs_key"":{""S"":""chevrolet 210 2 door sedan""}}","Chevrolet","38300","210 2 Door Sedan","12","28","2","41673.47","NC","1","sedan","Automatic","51FYQ921EQYFQFZCE","1957"
"219","Chattanooga","Green","2023-03-07","RWD","V12 5.3L","{""model_imgs_key"":{""S"":""buick centurion convertible""}}","Buick","84785","Centurion Convertible","19","23","2","16057.81","TN","1","""convertible,luxury""","Automatic","U8RI3HK0UOSQNZTKD","1972"
"239","Haines City","Yellow","2024-11-09","RWD","Flat-4 1.6L","{""model_imgs_key"":{""S"":""jeep willys station wagon""}}","Jeep","75315","Willys Station Wagon","10","28","1","15352.3","FL","1","station wagon","Automatic","2E343750V3KIKUO33","1963"
"646","Chattanooga","Red","2021-08-15","RWD","Flat-6 2.2L","{""model_imgs_key"":{""S"":""chevrolet corvette convertible""}}","Chevrolet","38155","Corvette Convertible","20","22","2","11911.88","TN","1","""convertible,muscle car""","Automatic","JWZU46FF33PIJ1D0Z","1957"
"448","Hoover","Brown","2024-07-07","AWD","V8 3.5L","{""model_imgs_key"":{""S"":""dodge pickup""}}","Dodge","29698","Pickup","19","30","1","33204.31","AL","1","pickup","Automatic","AUYZ3WU71ZJ1WLHOH","1950"
"100","Roanoke","Beige","2022-10-08","FWD","V8 7.0L","{""model_imgs_key"":{""S"":""oldsmobile 442 convertible""}}","Oldsmobile","135889","442 Convertible","17","25","3","31896.14","VA","1","""convertible,muscle car""","Manual","K7SMKFTEP5V9S5L4S","1967"
"561","Goose Creek","Beige","2023-11-23","FWD","Rotary 1.2L","{""model_imgs_key"":{""S"":""pontiac catalina hardtop""}}","Pontiac","128923","Catalina Hardtop","11","23","3","31662.47","SC","1","""coupe,luxury""","Manual","1LBHUOSWU3S9VSL3L","1959"
"261","Buffalo","White","2021-05-13","RWD","Inline-6 3.5L","{""model_imgs_key"":{""S"":""volkswagen karmann ghia coupe""}}","Volkswagen","78073","Karmann Ghia Coupe","16","17","2","23614.84","NY","1","coupe","Manual","GGOH38KZT0Y8AYXBD","1964"
"155","San Diego","Red","2024-07-29","FWD","Flat-6 2.0L","{""model_imgs_key"":{""S"":""cadillac fleetwood brougham d elegance""}}","Cadillac","139149","Fleetwood Brougham D Elegance","17","29","1","31775.76","CA","1","""luxury,sedan""","Manual","0Z9Q0QTZ66Z9UZP42","1984"
"138","North Charleston","Yellow","2023-05-04","RWD","Flat-6 2.2L","{""model_imgs_key"":{""S"":""bmw m3 4 door sedan""}}","BMW","48213","M3 4 Door Sedan","14","28","2","41153.82","SC","1","""sedan,muscle car""","Automatic","1WA20VWC645VG4UU5","1997"
"642","Pittsburgh","White","2025-01-23","RWD","V8 6.0L","{""model_imgs_key"":{""S"":""dodge power wagon""}}","Dodge","144874","Power Wagon","22","28","3","15464.21","PA","1","""SUV / 4x4,pickup""","Automatic","42HEJHAAIUAA3LHVQ","1951"
"661","Buffalo","Red","2023-02-11","AWD","V8 4.2L","{""model_imgs_key"":{""S"":""dodge challenger r t""}}","Dodge","147148","Challenger R T","11","16","3","17342.35","NY","1","""muscle car,coupe""","Automatic","J7N56KS307GJUVN2W","1971"
"621","Augusta","Yellow","2023-01-17","RWD","V12 5.3L","{""model_imgs_key"":{""S"":""oldsmobile toronado""}}","Oldsmobile","74839","Toronado","22","25","1","26588.28","GA","1","luxury","Automatic","R5HMQ49XOY5GR29L9","1972"